Bin (Diameter),Percentage
8,0
10,0.625
12,1.458333333
14,11.45833333
16,45.83333333
18,20.41666667
20,3.333333333
22,2.083333333
24,2.708333333
26,2.083333333
28,3.75
30,1.875
32,1.25
34,0.416666667
36,1.041666667
38,0.416666667
40,0.416666667
42,0.208333333
44,0
46,0
48,0
50,0
52,0.208333333
54,0
56,0.208333333
58,0.208333333
